State_Territory,Population,International_Students,Male,Female,Actual_Load,Male_adj,Female_adj
New South Wales,8157.7,251.149,60089,56802,116888,7.365924219,6.96299202
Victoria,6689.4,218.525,77924,72544,150469,11.64887733,10.84461985
Queensland,5160,96.447,25716,25504,51220,4.98372093,4.942635659
South Australia,1767.2,35.872,12196,12484,24679,6.901312811,7.064282481
Western Australia,2656.2,37.415,15075,14056,29130,5.675400949,5.291770198
Tasmania,539.6,13.043,3244,3098,6342,6.011860638,5.741289844
Northern Territory,245.4,3.77,701,695,1396,2.856560717,2.832110839
